title,album,isrc,trackId,url,total_streams,Day 1,Day 2,Day 3,Day 4,Day 5,Day 6,Day 7
i'm an albatraoz tekkno,i'm an albatraoz tekkno,GX8LE2233879,6yoilqMuTLZnvbLtMPHp3e,https://open.spotify.com/track/6yoilqMuTLZnvbLtMPHp3e,96640,0.0,,,0.0,0.0,0.0,0.0
i'm an albatraoz tekkno (sped up),i'm an albatraoz tekkno (sped up),GX8LE2257292,2zDBM91ElUjhYqbNrnv8eC,https://open.spotify.com/track/2zDBM91ElUjhYqbNrnv8eC,35197,0.0,,,0.0,0.0,0.0,0.0
belly dancer tekkno,belly dancer tekkno,GX8LE2288849,7CcXp4kV65tKTnPdc74e82,https://open.spotify.com/track/7CcXp4kV65tKTnPdc74e82,86832,,,,,,,
belly dancer tekkno (sped up),belly dancer tekkno (sped up),GX8LE2291351,5ksolRaafksOYgso79CVDU,https://open.spotify.com/track/5ksolRaafksOYgso79CVDU,16591,,,,,,,
i like that tekkno,i like that tekkno,GX8LE2228314,76tvxGStQks1854iY8V7yi,https://open.spotify.com/track/76tvxGStQks1854iY8V7yi,75033,,,,,,,
i like that tekkno (sped up),i like that tekkno (sped up),GX8LE2211194,7dzuI7Xrlj8kNuzCtuE3eG,https://open.spotify.com/track/7dzuI7Xrlj8kNuzCtuE3eG,9244,,,,,,,
thank you tekkno,thank you tekkno,GX8LE2236985,77hLCXX6MrZPzryvEyOprX,https://open.spotify.com/track/77hLCXX6MrZPzryvEyOprX,163691,,,,,,,
thank you tekkno (sped up),thank you tekkno (sped up),GX8LE2202913,23oygmCYP0PBpQA003Okep,https://open.spotify.com/track/23oygmCYP0PBpQA003Okep,55359,,,,,,,
all around the world (la la la) tekkno,all around the world (la la la) tekkno,GX8LE2221079,5BKrfdZ1PNY3mBps35DJ0x,https://open.spotify.com/track/5BKrfdZ1PNY3mBps35DJ0x,116383,,,,,,,
all around the world (la la la) tekkno (sped up),all around the world (la la la) tekkno (sped up),GX8LE2223440,6P8MJKo2eOErGAftj8wlGy,https://open.spotify.com/track/6P8MJKo2eOErGAftj8wlGy,18797,,,,,,,
1001 arabian nights tekkno,1001 arabian nights tekkno,GX8LE2225583,5CurMa32rBFVzYnJul7XvZ,https://open.spotify.com/track/5CurMa32rBFVzYnJul7XvZ,61492,,,,,,,
1001 arabian nights tekkno (sped up),1001 arabian nights tekkno (sped up),GX8LE2274917,71b9tEciBvfjutHKxiTOrJ,https://open.spotify.com/track/71b9tEciBvfjutHKxiTOrJ,21771,,,,,,,
all night tekkno (sped up),all night tekkno (sped up),GX8LE2223860,38QE6YzNqaWhKCY31Hj61U,https://open.spotify.com/track/38QE6YzNqaWhKCY31Hj61U,9461,,,,,,,
i'm an albatraoz tekkno,i'm an albatraoz tekkno,GX8LE2217187,4MOoWQwsEKT3nWhaRVWtnU,https://open.spotify.com/track/4MOoWQwsEKT3nWhaRVWtnU,34577,,,,,,,
i'm an albatraoz tekkno (sped up),i'm an albatraoz tekkno (sped up),GX8LE2254630,7KCZqo1Sd8pHkP9IcAehxP,https://open.spotify.com/track/7KCZqo1Sd8pHkP9IcAehxP,11579,,,,,,,
pump it up tekkno,pump it up tekkno,GX8LE2289645,49nvgeQhpj7OHI7AmCpXyG,https://open.spotify.com/track/49nvgeQhpj7OHI7AmCpXyG,54602,,,,,,,
pump it up tekkno (sped up),pump it up tekkno (sped up),GX8LE2243743,4hYBxz7okG9K7li5zIjEHT,https://open.spotify.com/track/4hYBxz7okG9K7li5zIjEHT,15620,,,,,,,
running up that hill tekkno,running up that hill tekkno,GX8LE2260672,4z2r1SbOZ8OPHsHrhX5zOO,https://open.spotify.com/track/4z2r1SbOZ8OPHsHrhX5zOO,39635,,,,,,,
running up that hill tekkno (sped up),running up that hill tekkno (sped up),GX8LE2252338,218TPOSN9bCTXZz3MFywCL,https://open.spotify.com/track/218TPOSN9bCTXZz3MFywCL,6551,,,,,,,
where are you now tekkno,where are you now tekkno,GX8LE2243234,6opuku8zhu9xbjd7Lh6sWO,https://open.spotify.com/track/6opuku8zhu9xbjd7Lh6sWO,43576,,,,,,,
where are you now tekkno (sped up),where are you now tekkno (sped up),GX8LE2211919,6MdlZ5V4zGVIsbb3XDJYSc,https://open.spotify.com/track/6MdlZ5V4zGVIsbb3XDJYSc,26528,,,,,,,
without me tekkno,without me tekkno,GX8LE2238425,26QwQRDtt7qUP5NDjGkQSx,https://open.spotify.com/track/26QwQRDtt7qUP5NDjGkQSx,42473,,,,,,,
without me tekkno (sped up),without me tekkno (sped up),GX8LE2269963,4bV7FOWewZsRHxgKSiVqNE,https://open.spotify.com/track/4bV7FOWewZsRHxgKSiVqNE,17124,,,,,,,
all night tekkno,all night tekkno,GX8LE2279049,6Ex38mOvdBDxZVyvTZ36ra,https://open.spotify.com/track/6Ex38mOvdBDxZVyvTZ36ra,58616,,,,,,,
lose my breath tekkno,lose my breath tekkno,GX8LD2217760,0W43GmGYvD2j7suSNPEZ0k,https://open.spotify.com/track/0W43GmGYvD2j7suSNPEZ0k,236958,,,,,,,
lose my breath tekkno (sped up),lose my breath tekkno (sped up),GX8LD2239328,5t04spyrwmc9HTWChH46Ga,https://open.spotify.com/track/5t04spyrwmc9HTWChH46Ga,5979,,,,,,,
eyes on fire tekkno,eyes on fire tekkno,GX8LD2214745,2EFiFDX6xPY8VUBcKAWkwB,https://open.spotify.com/track/2EFiFDX6xPY8VUBcKAWkwB,42593,,,,,,,
eyes on fire tekkno (sped up),eyes on fire tekkno (sped up),GX8LD2241062,0DiSNPmJa5W2MdIxjdtILz,https://open.spotify.com/track/0DiSNPmJa5W2MdIxjdtILz,48394,,,,,,,
seek bromance tekkno,seek bromance tekkno,GX8LD2260460,72h0ItEiXeap3Jxe87Ogkx,https://open.spotify.com/track/72h0ItEiXeap3Jxe87Ogkx,36878,,,,,,,
seek bromance tekkno (sped up),seek bromance tekkno (sped up),GX8LD2278632,1CI2JgjaUZmlbEWKIJbI3C,https://open.spotify.com/track/1CI2JgjaUZmlbEWKIJbI3C,13227,,,,,,,
not fair tekkno,not fair tekkno,GX8LD2239376,0wsYtxQfjF4bnohyFgQUlq,https://open.spotify.com/track/0wsYtxQfjF4bnohyFgQUlq,113813,,,,,,,
not fair tekkno (sped up),not fair tekkno (sped up),GX8LD2287493,5VdACKPuSd7qqqpnjHwXXQ,https://open.spotify.com/track/5VdACKPuSd7qqqpnjHwXXQ,7428,,,,,,,
at night tekkno,at night tekkno,GX8LD2218893,3iL6DcbJ4udaJhQ0cO0TOP,https://open.spotify.com/track/3iL6DcbJ4udaJhQ0cO0TOP,58616,,,,,,,
dj got us fallin' in love tekkno,dj got us fallin' in love tekkno,GX8LD2299880,55lNnmxoEfdi63Jgwl9ypI,https://open.spotify.com/track/55lNnmxoEfdi63Jgwl9ypI,40014,,,,,,,
dj got us fallin' in love tekkno (sped up),dj got us fallin' in love tekkno (sped up),GX8LD2272844,0ptaZQ2DyNKbp1e4gBCcSv,https://open.spotify.com/track/0ptaZQ2DyNKbp1e4gBCcSv,6176,,,,,,,
take you dancing tekkno,take you dancing tekkno,GX8LD2236350,2KzK3pCHefYI1GgkCFbH8F,https://open.spotify.com/track/2KzK3pCHefYI1GgkCFbH8F,37128,,,,,,,
take you dancing tekkno (sped up),take you dancing tekkno (sped up),GX8LD2206657,0igu8M9AfDLgxYOrDOic5J,https://open.spotify.com/track/0igu8M9AfDLgxYOrDOic5J,8012,,,,,,,
7 rings tekkno,7 rings tekkno,GX8LD2229991,1kNRaW3o1tv94urGBNhfJ9,https://open.spotify.com/track/1kNRaW3o1tv94urGBNhfJ9,69801,,,,,,,
7 rings tekkno (sped up),7 rings tekkno (sped up),GX8LD2250891,0SDkKpyZkO9qJ57uW7VHvK,https://open.spotify.com/track/0SDkKpyZkO9qJ57uW7VHvK,6371,,,,,,,
adore tekkno,adore tekkno,GX8LD2260445,4B7NgyixQWfA6dwbsFaXEg,https://open.spotify.com/track/4B7NgyixQWfA6dwbsFaXEg,44637,,,,,,,
adore tekkno (sped up),adore tekkno (sped up),GX8LD2292312,5d5JPgMhsHPy1KRd2Udukl,https://open.spotify.com/track/5d5JPgMhsHPy1KRd2Udukl,10384,,,,,,,
everytime we touch tekkno,everytime we touch tekkno,GX8LD2270421,4z091zEoYXIsV0vLyq8KLp,https://open.spotify.com/track/4z091zEoYXIsV0vLyq8KLp,64344,,,,,,,
everytime we touch tekkno (sped up),everytime we touch tekkno (sped up),GX8LD2219377,5yoxu0o64TOvwehbPZe7nH,https://open.spotify.com/track/5yoxu0o64TOvwehbPZe7nH,8784,,,,,,,
the motto tekkno,the motto tekkno,GX8LD2259804,6nyTFP5fAWPGrPN0gYq57r,https://open.spotify.com/track/6nyTFP5fAWPGrPN0gYq57r,54141,,,,,,,
the motto tekkno (sped up),the motto tekkno (sped up),GX8LD2206773,0bSHhtUJDHnBPfA8ml4Og0,https://open.spotify.com/track/0bSHhtUJDHnBPfA8ml4Og0,513857,,,,,,,
where's my love tekkno,where's my love tekkno,GX8LD2298719,3oQBii4Crwa2k6UjOFOMU3,https://open.spotify.com/track/3oQBii4Crwa2k6UjOFOMU3,87578,,,,,,,
where's my love tekkno (sped up),where's my love tekkno (sped up),GX8LD2241012,6o48H7EL6PBWOax8c7bJuI,https://open.spotify.com/track/6o48H7EL6PBWOax8c7bJuI,4414,,,,,,,
beamerboy tekkno,beamerboy tekkno,GX8LD2250486,6zA8VLhs2P1uuhYwZoTSEb,https://open.spotify.com/track/6zA8VLhs2P1uuhYwZoTSEb,67130,,,,,,,
beamerboy tekkno (sped up),beamerboy tekkno (sped up),GX8LD2274200,7vpL6r0y82eKNPwa3ZUeN0,https://open.spotify.com/track/7vpL6r0y82eKNPwa3ZUeN0,10414,,,,,,,
bullet train tekkno,bullet train tekkno,GX8LD2231157,4oRouebSQvfCAG3dD2sRPi,https://open.spotify.com/track/4oRouebSQvfCAG3dD2sRPi,53741,,,,,,,
bullet train tekkno (sped up),bullet train tekkno (sped up),GX8LD2201131,6kQdUOi9lZ0ZyekBXChszd,https://open.spotify.com/track/6kQdUOi9lZ0ZyekBXChszd,5897,,,,,,,
disturbia tekkno,disturbia tekkno,GX8LD2218352,4usmct4bSG47Xev7udu1gr,https://open.spotify.com/track/4usmct4bSG47Xev7udu1gr,59715,,,,,,,
disturbia tekkno (sped up),disturbia tekkno (sped up),GX8LD2280182,35TdXPWM9LDUwWtLDW3CMK,https://open.spotify.com/track/35TdXPWM9LDUwWtLDW3CMK,7762,,,,,,,
hold me tekkno,hold me tekkno,GX8LD2285383,3WAQrVUFjamIhskW8rAzlW,https://open.spotify.com/track/3WAQrVUFjamIhskW8rAzlW,70789,,,,,,,
hold me tekkno (sped up),hold me tekkno (sped up),GX8LD2262335,0z8Pp3R7H3gzRJda2APa2B,https://open.spotify.com/track/0z8Pp3R7H3gzRJda2APa2B,16205,,,,,,,
i love you tekkno,i love you tekkno,GX8LD2248302,3gaxeOn0BEaVSQqSG2xPil,https://open.spotify.com/track/3gaxeOn0BEaVSQqSG2xPil,35003,,,,,,,
i love you tekkno (sped up),i love you tekkno (sped up),GX8LD2280765,3bAr4NwZtjMQo9BJ4ZIgNO,https://open.spotify.com/track/3bAr4NwZtjMQo9BJ4ZIgNO,3811,,,,,,,
no money tekkno,no money tekkno,GX8LD2287016,2w49icLhtpnoCeeMjv5BBp,https://open.spotify.com/track/2w49icLhtpnoCeeMjv5BBp,90479,,,,,,,
no money tekkno (sped up),no money tekkno (sped up),GX8LD2212076,5LipqJJG9Kdhrh6GQfOhGo,https://open.spotify.com/track/5LipqJJG9Kdhrh6GQfOhGo,17191,,,,,,,
some say tekkno,some say tekkno,GX8LD2274504,6dbLBlJ3lRd2l2RyPKFkp4,https://open.spotify.com/track/6dbLBlJ3lRd2l2RyPKFkp4,34712,,,,,,,
some say tekkno (sped up),some say tekkno (sped up),GX8LD2208067,1IC35MX3UaCdfGIP6ZVJQN,https://open.spotify.com/track/1IC35MX3UaCdfGIP6ZVJQN,3394,,,,,,,
stay tekkno,stay tekkno,GX8LD2261083,1jT0bClXGY4OqD4lQPtrPZ,https://open.spotify.com/track/1jT0bClXGY4OqD4lQPtrPZ,32802,,,,,,,
stay tekkno (sped up),stay tekkno (sped up),GX8LD2209169,5L9EHJPpGypLz2mpU2bFmL,https://open.spotify.com/track/5L9EHJPpGypLz2mpU2bFmL,2564,,,,,,,
won't forget you tekkno,won't forget you tekkno,GX8LD2228565,3IAWHY61ux0ixlXR73f2zC,https://open.spotify.com/track/3IAWHY61ux0ixlXR73f2zC,53357,,,,,,,
won't forget you tekkno (sped up),won't forget you tekkno (sped up),GX8LD2288527,6bCqaR187CIkyBD3TYN5eA,https://open.spotify.com/track/6bCqaR187CIkyBD3TYN5eA,4292,,,,,,,
faded love tekkno (sped up),faded love tekkno (sped up),GX8LD2263415,3gV7lRnWTHKZYdao88xTUn,https://open.spotify.com/track/3gV7lRnWTHKZYdao88xTUn,4898,,,,,,,
e.t. tekkno,e.t. tekkno,GX8LD2285334,6gNWWqwdDrc99pYk3S1Jvq,https://open.spotify.com/track/6gNWWqwdDrc99pYk3S1Jvq,59691,,,,,,,
e.t. tekkno (sped up),e.t. tekkno (sped up),GX8LD2278484,6HSPcVr5LE1Du91cKVabYm,https://open.spotify.com/track/6HSPcVr5LE1Du91cKVabYm,2644,,,,,,,
faded love tekkno,faded love tekkno,GX8LD2273763,5p44zSnwjCuGHvhiw3TVB3,https://open.spotify.com/track/5p44zSnwjCuGHvhiw3TVB3,57463,,,,,,,
gucci tekkno,gucci tekkno,GX8LD2222250,6SR2uc6qLDWpNTlxMi2oCB,https://open.spotify.com/track/6SR2uc6qLDWpNTlxMi2oCB,47375,,,,,,,
gucci tekkno (sped up),gucci tekkno (sped up),GX8LD2234337,3gvPKPBU1fhi8oSN0nZKXG,https://open.spotify.com/track/3gvPKPBU1fhi8oSN0nZKXG,2337,,,,,,,
how you remind me tekkno,how you remind me tekkno,GX8LD2206019,15Mxl8ttlTpsikam9cwppL,https://open.spotify.com/track/15Mxl8ttlTpsikam9cwppL,49745,,,,,,,
how you remind me tekkno (sped up),how you remind me tekkno (sped up),GX8LD2210012,5jQiUG0ehpv407Ftr1n1Ob,https://open.spotify.com/track/5jQiUG0ehpv407Ftr1n1Ob,4710,,,,,,,
little poor me tekkno (sped up),little poor me tekkno (sped up),GX8LD2292883,1pRz170OM5fcwDCroJ6cex,https://open.spotify.com/track/1pRz170OM5fcwDCroJ6cex,3549,,,,,,,
love the way you lie tekkno,love the way you lie tekkno,GX8LD2254298,002UjbJnko7Bi4Xw157hkL,https://open.spotify.com/track/002UjbJnko7Bi4Xw157hkL,60441,,,,,,,
love the way you lie tekkno (sped up),love the way you lie tekkno (sped up),GX8LD2221617,1uhaTKBzUNDPH80sRya2s9,https://open.spotify.com/track/1uhaTKBzUNDPH80sRya2s9,6481,,,,,,,
queen of the freaks tekkno,queen of the freaks tekkno,GX8LD2216208,1rXYPT71I3dCVSodZbgXPu,https://open.spotify.com/track/1rXYPT71I3dCVSodZbgXPu,44168,,,,,,,
queen of the freaks tekkno (sped up),queen of the freaks tekkno (sped up),GX8LD2270952,48xPBOdKEfqqx0Dd8Of9yC,https://open.spotify.com/track/48xPBOdKEfqqx0Dd8Of9yC,3076,,,,,,,
take it off tekkno,take it off tekkno,GX8LD2219584,1zxfPWfTHQhjklYYFzaBaJ,https://open.spotify.com/track/1zxfPWfTHQhjklYYFzaBaJ,55954,,,,,,,
take it off tekkno (sped up),take it off tekkno (sped up),GX8LD2276213,6Y5L76hEzZqa4jlVecYD1I,https://open.spotify.com/track/6Y5L76hEzZqa4jlVecYD1I,4170,,,,,,,
the greatest tekkno,the greatest tekkno,GX8LD2239825,5HeDZl6dLZpx4dvHX2PUUn,https://open.spotify.com/track/5HeDZl6dLZpx4dvHX2PUUn,44172,,,,,,,
the greatest tekkno (sped up),the greatest tekkno (sped up),GX8LD2205219,20s9bNpNCKg2A2XRNGzli0,https://open.spotify.com/track/20s9bNpNCKg2A2XRNGzli0,3903,,,,,,,
creepin' tekkno,creepin' tekkno,GX8LD2276660,7IawrxGPjDx0f9D6vzBiT1,https://open.spotify.com/track/7IawrxGPjDx0f9D6vzBiT1,2506963,,,,,,,
creepin' tekkno (sped up),creepin' tekkno (sped up),GX8LD2251680,5ucwOq577K2Vdxwqd5EGcq,https://open.spotify.com/track/5ucwOq577K2Vdxwqd5EGcq,55438,,,,,,,
little poor me tekkno,little poor me tekkno,GX8LD2264362,4Y1Mw1tSVGaipVpYt3Je6D,https://open.spotify.com/track/4Y1Mw1tSVGaipVpYt3Je6D,38435,,,,,,,
turn on the lights tekkno,turn on the lights tekkno,GX8LD2235123,356YrdA9MR24i73bRAiM9s,https://open.spotify.com/track/356YrdA9MR24i73bRAiM9s,97365,,,,,,,
turn on the lights tekkno (sped up),turn on the lights tekkno (sped up),GX8LD2216416,0nHmIYamWozBSOXmr9c9Z4,https://open.spotify.com/track/0nHmIYamWozBSOXmr9c9Z4,9876,,,,,,,
without me tekkno (sped up),without me tekkno (sped up),GX8LD2219481,2FRJCbhlqKXMUm1IAqkHU4,https://open.spotify.com/track/2FRJCbhlqKXMUm1IAqkHU4,12710,,,,,,,
deep end tekkno,deep end tekkno,GX8LD2237009,650HRyhjT5bru9X4AAr2Hq,https://open.spotify.com/track/650HRyhjT5bru9X4AAr2Hq,198620,,,,,,,
deep end tekkno (sped up),deep end tekkno (sped up),GX8LD2273694,3UAilxLXy8J4XQLnPMKpB1,https://open.spotify.com/track/3UAilxLXy8J4XQLnPMKpB1,3223,,,,,,,
do you miss me? tekkno,do you miss me? tekkno,GX8LD2249026,2HxOgADnCOlZBMmtF5VMXS,https://open.spotify.com/track/2HxOgADnCOlZBMmtF5VMXS,124412,,,,,,,
do you miss me? tekkno (sped up),do you miss me? tekkno (sped up),GX8LD2212641,4y2hLYB6xzJGNVMHCZ5SYs,https://open.spotify.com/track/4y2hLYB6xzJGNVMHCZ5SYs,3023,,,,,,,
psycho tekkno (sped up),psycho tekkno (sped up),GX8LD2285841,3NoiOErvzIGuKxSl3sh0tQ,https://open.spotify.com/track/3NoiOErvzIGuKxSl3sh0tQ,3188,,,,,,,
telephone tekkno,telephone tekkno,GX8LD2261142,2xtlWseoEj7TCie3ip1Nd3,https://open.spotify.com/track/2xtlWseoEj7TCie3ip1Nd3,132388,,,,,,,
telephone tekkno (sped up),telephone tekkno (sped up),GX8LD2224923,2pRmDaGrcuL4VGRM5dqKxa,https://open.spotify.com/track/2pRmDaGrcuL4VGRM5dqKxa,2917,,,,,,,
won't bite tekkno (sped up),won't bite tekkno (sped up),GX8LD2263216,2e3QQD1kSCzEAUrCUBvdMR,https://open.spotify.com/track/2e3QQD1kSCzEAUrCUBvdMR,3524,,,,,,,
won't bite tekkno,won't bite tekkno,GX8LD2238084,04Gv4mwzh3eI4MR2XLE1b7,https://open.spotify.com/track/04Gv4mwzh3eI4MR2XLE1b7,10037,,,,,,,
psycho tekkno,psycho tekkno,GX8LD2211010,4R4yGAWNMViaBDKfOHgJMA,https://open.spotify.com/track/4R4yGAWNMViaBDKfOHgJMA,16007,,,,,,,
better tekkno,better tekkno,GX8LD2275196,0Rx2yAntyZBBbFnie9ZYOp,https://open.spotify.com/track/0Rx2yAntyZBBbFnie9ZYOp,41725,,,,,,,
better tekkno (sped up),better tekkno (sped up),GX8LD2292740,6nPCrECufs0pw5NV97tNgz,https://open.spotify.com/track/6nPCrECufs0pw5NV97tNgz,1791,,,,,,,
control tekkno,control tekkno,GX8LD2202839,4blUMNuCv6TMM4WDhXjmFB,https://open.spotify.com/track/4blUMNuCv6TMM4WDhXjmFB,44115,,,,,,,
control tekkno (sped up),control tekkno (sped up),GX8LD2293468,5NUTCYIjwkSCKGtk4vB8MC,https://open.spotify.com/track/5NUTCYIjwkSCKGtk4vB8MC,9986,,,,,,,
give it to me tekkno,give it to me tekkno,GX8LD2248199,0fwlTzNDz4QhJowA0MWI2Y,https://open.spotify.com/track/0fwlTzNDz4QhJowA0MWI2Y,487016,,,,,,,
give it to me tekkno (sped up),give it to me tekkno (sped up),GX8LD2236483,0fHJKLNT119JjZCUi8aUKh,https://open.spotify.com/track/0fHJKLNT119JjZCUi8aUKh,19115,,,,,,,
i need a doctor tekkno,i need a doctor tekkno,GX8LD2242111,2l6cgvjSRWgEhBbVuDM48k,https://open.spotify.com/track/2l6cgvjSRWgEhBbVuDM48k,40462,,,,,,,
i need a doctor tekkno (sped up),i need a doctor tekkno (sped up),GX8LD2290626,4PHN5kW6lDSXxjxlwRPzNE,https://open.spotify.com/track/4PHN5kW6lDSXxjxlwRPzNE,3047,,,,,,,
imagination tekkno,imagination tekkno,GX8LD2218701,1tHMakYQ2OFOV638sYfWR4,https://open.spotify.com/track/1tHMakYQ2OFOV638sYfWR4,31625,,,,,,,
imagination tekkno (sped up),imagination tekkno (sped up),GX8LD2238745,1kHc26jLAKmirIcdfKHXKx,https://open.spotify.com/track/1kHc26jLAKmirIcdfKHXKx,5585,,,,,,,
like a roller tekkno,like a roller tekkno,GX8LD2211940,5nXh6KL6U6AEB76cam8tjL,https://open.spotify.com/track/5nXh6KL6U6AEB76cam8tjL,41252,,,,,,,
like a roller tekkno (sped up),like a roller tekkno (sped up),GX8LD2229686,37N8k9HTx2wXiswVKLlzHO,https://open.spotify.com/track/37N8k9HTx2wXiswVKLlzHO,3047,,,,,,,
scars tekkno,scars tekkno,GX8LD2218174,5WCx2NZ2DNqhFRPb0mMTJU,https://open.spotify.com/track/5WCx2NZ2DNqhFRPb0mMTJU,14221,,,,,,,
scars tekkno (sped up),scars tekkno (sped up),GX8LD2247340,645IN1sAZcAjhZiTqMZjUW,https://open.spotify.com/track/645IN1sAZcAjhZiTqMZjUW,2086,,,,,,,
spit in my face tekkno,spit in my face tekkno,GX8LD2288179,36KUKUcuFlHn7M83PYwUNU,https://open.spotify.com/track/36KUKUcuFlHn7M83PYwUNU,49129,,,,,,,
spit in my face tekkno (sped up),spit in my face tekkno (sped up),GX8LD2248875,5PYiEsd1NyID7fPZa3G7pH,https://open.spotify.com/track/5PYiEsd1NyID7fPZa3G7pH,10645,,,,,,,
youth tekkno,youth tekkno,GX8LD2294941,322c7pU9hS9dzxRcU1q0kH,https://open.spotify.com/track/322c7pU9hS9dzxRcU1q0kH,16036,,,,,,,
youth tekkno (sped up),youth tekkno (sped up),GX8LD2259626,126v0xvyZBIgGIhInZKWny,https://open.spotify.com/track/126v0xvyZBIgGIhInZKWny,9513,,,,,,,
hot girl bummer tekkno,hot girl bummer tekkno,GX8LD2262478,4f9Zqlixu95xicxXRKMSAV,https://open.spotify.com/track/4f9Zqlixu95xicxXRKMSAV,24131,,,,,,,
hot girl bummer tekkno (sped up),hot girl bummer tekkno (sped up),GX8LD2283388,4Dm1pKPd88dHuoYrNvBIc0,https://open.spotify.com/track/4Dm1pKPd88dHuoYrNvBIc0,5357,,,,,,,
love tonight tekkno,love tonight tekkno,GX8LD2247088,6ojAMBFuGP1dgVGYEqY7is,https://open.spotify.com/track/6ojAMBFuGP1dgVGYEqY7is,18349,,,,,,,
love tonight tekkno (sped up),love tonight tekkno (sped up),GX8LD2268109,7E00bXiIBq9e0ql2ByQrOR,https://open.spotify.com/track/7E00bXiIBq9e0ql2ByQrOR,1924,,,,,,,
the only tekkno,the only tekkno,GX8LD2233480,3NWOQ6J6mzsJESitwl9LT1,https://open.spotify.com/track/3NWOQ6J6mzsJESitwl9LT1,19279,,,,,,,
the only tekkno (sped up),the only tekkno (sped up),GX8LD2239357,2NBL8Qw7OsH1jMV6KlnHF8,https://open.spotify.com/track/2NBL8Qw7OsH1jMV6KlnHF8,2015,,,,,,,
"1, 2, 3, 4 tekkno","1, 2, 3, 4 tekkno",GX8LD2218330,45YsAZr3Axn3LnWKUavhN5,https://open.spotify.com/track/45YsAZr3Axn3LnWKUavhN5,79200,,,,,,,
"1, 2, 3, 4 tekkno (sped up)","1, 2, 3, 4 tekkno (sped up)",GX8LD2276977,6USDAxziSHsNRLXEM3X3dI,https://open.spotify.com/track/6USDAxziSHsNRLXEM3X3dI,2871,,,,,,,
arcade tekkno,arcade tekkno,GX8LD2293486,4xP0IF0MCut7TG16wC2Ghi,https://open.spotify.com/track/4xP0IF0MCut7TG16wC2Ghi,40944,,,,,,,
arcade tekkno (sped up),arcade tekkno (sped up),GX8LD2213064,1usbXvVNAltiqFY8QZq76v,https://open.spotify.com/track/1usbXvVNAltiqFY8QZq76v,4237,,,,,,,
somebody else tekkno,somebody else tekkno,GX8LD2292846,6fVYFHzRwwC3SKrYRn4LFP,https://open.spotify.com/track/6fVYFHzRwwC3SKrYRn4LFP,69449,,,,,,,
somebody else tekkno (sped up),somebody else tekkno (sped up),GX8LD2206994,7FDjp25kFKD6JQz7HXqpaz,https://open.spotify.com/track/7FDjp25kFKD6JQz7HXqpaz,3338,,,,,,,
this world is sick tekkno,this world is sick tekkno,GX8LD2251151,5Wo4X4ZCKU6wfxhiMvFdUI,https://open.spotify.com/track/5Wo4X4ZCKU6wfxhiMvFdUI,27029,,,,,,,
this world is sick tekkno (sped up),this world is sick tekkno (sped up),GX8LD2211899,5h3LSzqxRMcIUNFIPoJPXA,https://open.spotify.com/track/5h3LSzqxRMcIUNFIPoJPXA,1170,,,,,,,
changes tekkno,changes tekkno,GX8LD2211512,3hIlM1mhiNNKswnK2BFv3e,https://open.spotify.com/track/3hIlM1mhiNNKswnK2BFv3e,50134,,,,,,,
changes tekkno (sped up),changes tekkno (sped up),GX8LD2227757,7gU97DvVRWas4k2FUnDzIl,https://open.spotify.com/track/7gU97DvVRWas4k2FUnDzIl,3162,,,,,,,
him and i tekkno,him and i tekkno,GX8LD2247675,2qefNJAAKIpyaIcMnMrboh,https://open.spotify.com/track/2qefNJAAKIpyaIcMnMrboh,102764,,,,,,,
him and i tekkno (sped up),him and i tekkno (sped up),GX8LD2248541,6W5659KZsEHu4oKIEjGsVu,https://open.spotify.com/track/6W5659KZsEHu4oKIEjGsVu,9095,,,,,,,
in my mind tekkno,in my mind tekkno,GX8LD2212840,6qs9gbUk8lXjObnwZfTmnw,https://open.spotify.com/track/6qs9gbUk8lXjObnwZfTmnw,59467,,,,,,,
in my mind tekkno (sped up),in my mind tekkno (sped up),GX8LD2262529,2flRQRa8sd89E3PhajiXNs,https://open.spotify.com/track/2flRQRa8sd89E3PhajiXNs,5377,,,,,,,
someone you loved tekkno,someone you loved tekkno,GX8LD2226445,4iSiKbgWfwo0AB3vSN4oZz,https://open.spotify.com/track/4iSiKbgWfwo0AB3vSN4oZz,54541,,,,,,,
someone you loved tekkno (sped up),someone you loved tekkno (sped up),GX8LD2257990,20qBWMg43LsLjspRu5IEzP,https://open.spotify.com/track/20qBWMg43LsLjspRu5IEzP,12481,,,,,,,
the story never ends tekkno,the story never ends tekkno,GX8LD2228705,1TK86razPbQUwJ3tXLJxkd,https://open.spotify.com/track/1TK86razPbQUwJ3tXLJxkd,34872,,,,,,,
the story never ends tekkno (sped up),the story never ends tekkno (sped up),GX8LD2208531,6xesBIaLDNStNEZ2kgnD0Z,https://open.spotify.com/track/6xesBIaLDNStNEZ2kgnD0Z,1423,,,,,,,
don't lie to me now tekkno,don't lie to me now tekkno,GX8LD2277968,5AqwIuumc4N5ITj1DuAOXP,https://open.spotify.com/track/5AqwIuumc4N5ITj1DuAOXP,15555,,,,,,,
don't lie to me now tekkno (sped up),don't lie to me now tekkno (sped up),GX8LD2252625,3buML3yTm2bIEfWHjL5jCl,https://open.spotify.com/track/3buML3yTm2bIEfWHjL5jCl,3902,,,,,,,
everything i wanted tekkno,everything i wanted tekkno,GX8LD2278922,2Xkyvw6xK60cbIuTgjd9pw,https://open.spotify.com/track/2Xkyvw6xK60cbIuTgjd9pw,48888,,,,,,,
everything i wanted tekkno (sped up),everything i wanted tekkno (sped up),GX8LD2243050,7GkhMWBviyie5b7FHWxlJu,https://open.spotify.com/track/7GkhMWBviyie5b7FHWxlJu,8823,,,,,,,
l'amour toujours tekkno,l'amour toujours tekkno,GX8LD2212662,3AA1adpDfg6TzULt0ugSMn,https://open.spotify.com/track/3AA1adpDfg6TzULt0ugSMn,78549,,,,,,,
l'amour toujours tekkno (sped up),l'amour toujours tekkno (sped up),GX8LD2286123,5LzcRzqCAalN3RrDhBE3Um,https://open.spotify.com/track/5LzcRzqCAalN3RrDhBE3Um,6802,,,,,,,
pocketful of sunshine tekkno,pocketful of sunshine tekkno,GX8LD2267775,5kGFfjyl9ier9N8g2f3O9z,https://open.spotify.com/track/5kGFfjyl9ier9N8g2f3O9z,79701,,,,,,,
pocketful of sunshine tekkno (sped up),pocketful of sunshine tekkno (sped up),GX8LD2236843,6pUdwEq0KD2Uiimss9aWw3,https://open.spotify.com/track/6pUdwEq0KD2Uiimss9aWw3,3355,,,,,,,
ilomilo tekkno,ilomilo tekkno,GX8LD2298493,2zJum3tthfGrrBTSIuviHl,https://open.spotify.com/track/2zJum3tthfGrrBTSIuviHl,157243,,,,,,,
ilomilo tekkno (sped up),ilomilo tekkno (sped up),GX8LD2258698,13JMGEaIAXzOndW8ETk7wC,https://open.spotify.com/track/13JMGEaIAXzOndW8ETk7wC,27088,,,,,,,
what the water gave me tekkno,what the water gave me tekkno,GX8LD2211850,7fY5YD3Zr9FDXk2ZaYaNI6,https://open.spotify.com/track/7fY5YD3Zr9FDXk2ZaYaNI6,26487,,,,,,,
what the water gave me tekkno (sped up),what the water gave me tekkno (sped up),GX8LD2253092,5IR3blGBzJ82WwxTAl4wbM,https://open.spotify.com/track/5IR3blGBzJ82WwxTAl4wbM,1970,,,,,,,
xo tekkno,xo tekkno,GX8LD2262377,4Sl8KRerVKmOYdDb3PiZtK,https://open.spotify.com/track/4Sl8KRerVKmOYdDb3PiZtK,21066,,,,,,,
xo tekkno (sped up),xo tekkno (sped up),GX8LD2264684,5iQJPI6vfA2lBWhEVtjQ7t,https://open.spotify.com/track/5iQJPI6vfA2lBWhEVtjQ7t,2027,,,,,,,
all the kids are depressed tekkno,all the kids are depressed tekkno,GX8LD2264820,7BETeJ77vauCTKuhtVDPyF,https://open.spotify.com/track/7BETeJ77vauCTKuhtVDPyF,35267,,,,,,,
all the kids are depressed tekkno (sped up),all the kids are depressed tekkno (sped up),GX8LD2210261,5WrY2x342nw3FSd3iV85DX,https://open.spotify.com/track/5WrY2x342nw3FSd3iV85DX,2189,,,,,,,
back and forth tekkno,back and forth tekkno,GX8LD2289044,2TIfFucaqwHnJgatF31M3w,https://open.spotify.com/track/2TIfFucaqwHnJgatF31M3w,0,,,,,,,
back and forth tekkno (sped up),back and forth tekkno (sped up),GX8LD2226213,3pGCsnDgBTJlUdYYR1Gch2,https://open.spotify.com/track/3pGCsnDgBTJlUdYYR1Gch2,3424,,,,,,,
bruises tekkno,bruises tekkno,GX8LD2264663,3LzzEYC4UxR7aDNak25RIo,https://open.spotify.com/track/3LzzEYC4UxR7aDNak25RIo,32410,,,,,,,
bruises tekkno (sped up),bruises tekkno (sped up),GX8LD2291417,4JEtEMPmeShH7nbxeBxIDt,https://open.spotify.com/track/4JEtEMPmeShH7nbxeBxIDt,2712,,,,,,,
daddy af tekkno,daddy af tekkno,GX8LD2200088,5wVQ5X7uXG5Z4M2JfyxMCk,https://open.spotify.com/track/5wVQ5X7uXG5Z4M2JfyxMCk,28821,,,,,,,
daddy af tekkno (sped up),daddy af tekkno (sped up),GX8LD2279145,2eYXjxDisIrB2MQdO1qI1a,https://open.spotify.com/track/2eYXjxDisIrB2MQdO1qI1a,2256,,,,,,,
falling tekkno,falling tekkno,GX8LD2291241,7BNh0456RdyzXp2uNreXoT,https://open.spotify.com/track/7BNh0456RdyzXp2uNreXoT,26464,,,,,,,
falling tekkno (sped up),falling tekkno (sped up),GX8LD2276207,4e4KDxO2tPj9O8ffSzl5Mf,https://open.spotify.com/track/4e4KDxO2tPj9O8ffSzl5Mf,1718,,,,,,,
following the sun tekkno,following the sun tekkno,GX8LD2259865,3BPt5tj2O7SHGBm3OM7O15,https://open.spotify.com/track/3BPt5tj2O7SHGBm3OM7O15,39846,,,,,,,
following the sun tekkno (sped up),following the sun tekkno (sped up),GX8LD2213418,1rPO4QyPXJxeCFCTdtLEHx,https://open.spotify.com/track/1rPO4QyPXJxeCFCTdtLEHx,3301,,,,,,,
rinse & repeat tekkno,rinse & repeat tekkno,GX8LD2218202,1pj1Xpc1HtpW0acuLJBJqz,https://open.spotify.com/track/1pj1Xpc1HtpW0acuLJBJqz,25801,,,,,,,
rinse & repeat tekkno (sped up),rinse & repeat tekkno (sped up),GX8LD2264041,0mgo9WkCRkwRrtnUPVvYns,https://open.spotify.com/track/0mgo9WkCRkwRrtnUPVvYns,17309,,,,,,,
river flows in you tekkno,river flows in you tekkno,GX8LD2281309,7mj5hXo0iqY2E1ItbPzx0p,https://open.spotify.com/track/7mj5hXo0iqY2E1ItbPzx0p,34446,,,,,,,
river flows in you tekkno (sped up),river flows in you tekkno (sped up),GX8LD2216015,71KvV4enpIKqxvGUzlbDqa,https://open.spotify.com/track/71KvV4enpIKqxvGUzlbDqa,7359,,,,,,,
sorry tekkno,sorry tekkno,GX8LD2297728,3z6L6Q2PNiLJ97gTV7iv7U,https://open.spotify.com/track/3z6L6Q2PNiLJ97gTV7iv7U,26287,,,,,,,
sorry tekkno (sped up),sorry tekkno (sped up),GX8LD2250381,2J2L5UIBHjOBmhcEcQawHi,https://open.spotify.com/track/2J2L5UIBHjOBmhcEcQawHi,1842,,,,,,,
praise the lord tekkno (sped up),praise the lord tekkno (sped up),GX8LD2238612,1c84gMKBOXcYFtidjboGF5,https://open.spotify.com/track/1c84gMKBOXcYFtidjboGF5,571836,,,,,,,
build a bitch tekkno,build a bitch tekkno,GX8LD2214822,2lElzIaNfDZH28wQ9xsLBB,https://open.spotify.com/track/2lElzIaNfDZH28wQ9xsLBB,43581,,,,,,,
build a bitch tekkno (sped up),build a bitch tekkno (sped up),GX8LD2211667,6whjPQXg1abj7dcYucRoAQ,https://open.spotify.com/track/6whjPQXg1abj7dcYucRoAQ,4914,,,,,,,
moonlight shadow tekkno,moonlight shadow tekkno,GX8LD2215464,5AwRz7T04wWLNrG6joWhZl,https://open.spotify.com/track/5AwRz7T04wWLNrG6joWhZl,60756,,,,,,,
moonlight shadow tekkno (sped up),moonlight shadow tekkno (sped up),GX8LD2220731,1eLuwN7wPhoebb2u2VRz1M,https://open.spotify.com/track/1eLuwN7wPhoebb2u2VRz1M,3340,,,,,,,
airplanes tekkno,airplanes tekkno,GX8KD2285985,67gQ2JK1JCok62YDMskjXI,https://open.spotify.com/track/67gQ2JK1JCok62YDMskjXI,72541,,,,,,,
airplanes tekkno (sped up),airplanes tekkno (sped up),GX8KD2299142,0xIkQRJlmMmLvWSGUXqKhu,https://open.spotify.com/track/0xIkQRJlmMmLvWSGUXqKhu,8510,,,,,,,
ego tekkno,ego tekkno,GX8KD2295943,2dM7uS5GskK0VAhjMBlvkR,https://open.spotify.com/track/2dM7uS5GskK0VAhjMBlvkR,54832,,,,,,,
ego tekkno (sped up),ego tekkno (sped up),GX8KD2287830,2VSCwhz09K2jQljmRSDGLI,https://open.spotify.com/track/2VSCwhz09K2jQljmRSDGLI,2501,,,,,,,
light tekkno,light tekkno,GX8KD2259798,75LqNudGK0wDbT19do5ubs,https://open.spotify.com/track/75LqNudGK0wDbT19do5ubs,55397,,,,,,,
light tekkno (sped up),light tekkno (sped up),GX8KD2286981,1aqeQJSjtGUudhWV6vpN9A,https://open.spotify.com/track/1aqeQJSjtGUudhWV6vpN9A,2926,,,,,,,
do i wanna know tekkno,do i wanna know tekkno,GX8KD2295733,1q3CqiNOZdGcubG8CkIyD7,https://open.spotify.com/track/1q3CqiNOZdGcubG8CkIyD7,72543,,,,,,,
do i wanna know tekkno (sped up),do i wanna know tekkno (sped up),GX8KD2298145,3KarB0sIq2WieTHAqVnWS2,https://open.spotify.com/track/3KarB0sIq2WieTHAqVnWS2,3362,,,,,,,
sing me to sleep tekkno,sing me to sleep tekkno,GX8KD2287210,6LoabGS39ofepbs0NrMkt2,https://open.spotify.com/track/6LoabGS39ofepbs0NrMkt2,183606,,,,,,,
sing me to sleep tekkno (sped up),sing me to sleep tekkno (sped up),GX8KD2282302,6dbZNhvPLMk7qyuhaMpa24,https://open.spotify.com/track/6dbZNhvPLMk7qyuhaMpa24,3608,,,,,,,
paper planes tekkno,paper planes tekkno,GX8KD2257552,71y78ZDdukCdv8nSjUcIpo,https://open.spotify.com/track/71y78ZDdukCdv8nSjUcIpo,257832,,,,,,,
paper planes tekkno (sped up),paper planes tekkno (sped up),GX8KD2257594,65gfdLPDZWNUUFdIfSXb8b,https://open.spotify.com/track/65gfdLPDZWNUUFdIfSXb8b,10890,,,,,,,
sonnentanz tekkno,sonnentanz tekkno,GX8KD2257734,2yA4NG5PzvLOaE7LMHOMu4,https://open.spotify.com/track/2yA4NG5PzvLOaE7LMHOMu4,422885,,,,,,,
sonnentanz tekkno (sped up),sonnentanz tekkno (sped up),GX8KD2257739,4J9xs8BfkmxHhuafUKWH6c,https://open.spotify.com/track/4J9xs8BfkmxHhuafUKWH6c,19321,,,,,,,
voules vouz tekkno,voules vouz tekkno,GX8KD2257521,6QhWAOmb47OBTz17kk7emY,https://open.spotify.com/track/6QhWAOmb47OBTz17kk7emY,318489,,,,,,,
voules vouz tekkno (sped up),voules vouz tekkno (sped up),GX8KD2257563,6DlKgMhdo3YOm6LONGa0wQ,https://open.spotify.com/track/6DlKgMhdo3YOm6LONGa0wQ,326983,,,,,,,
set fire to the rain tekkno,set fire to the rain tekkno,GX8KD2257628,4l8PCNwdoal19AAy4YWeoe,https://open.spotify.com/track/4l8PCNwdoal19AAy4YWeoe,3726910,,,,,,,
i could be the one tekkno,i could be the one tekkno,GX8KD2248158,0mJumaUZlozszjPEO00XsQ,https://open.spotify.com/track/0mJumaUZlozszjPEO00XsQ,98040,,,,,,,
beautiful girl tekkno,beautiful girl tekkno,GX8KD2245042,7xMZmDuE1wTXZQqn67USgu,https://open.spotify.com/track/7xMZmDuE1wTXZQqn67USgu,79422,,,,,,,
beautiful girl tekkno (sped up),beautiful girl tekkno (sped up),GX8KD2245035,2A5F7LEhG2rjsxEAi4SM9S,https://open.spotify.com/track/2A5F7LEhG2rjsxEAi4SM9S,12033,,,,,,,
blank space tekkno (sped up),blank space tekkno (sped up),GX8KD2242264,2Ej4IyKhXs3bzdAvZfnkIE,https://open.spotify.com/track/2Ej4IyKhXs3bzdAvZfnkIE,12301,,,,,,,
meet her at the love parade tekkno,meet her at the love parade tekkno,GX8KD2242246,6YJoffOLNqNZx7Mfws575d,https://open.spotify.com/track/6YJoffOLNqNZx7Mfws575d,329920,,,,,,,
meet her at the love parade tekkno (sped up),meet her at the love parade tekkno (sped up),GX8KD2242250,0ZzKZmAVjpAUbekIiiucnf,https://open.spotify.com/track/0ZzKZmAVjpAUbekIiiucnf,11547,,,,,,,
blank space tekkno,blank space tekkno,GX8KD2239911,2XTm0OKLu7fo8YM4kEykax,https://open.spotify.com/track/2XTm0OKLu7fo8YM4kEykax,73014,,,,,,,
i need a boiler room tekkno,i need a boiler room tekkno,GX8KD2239259,0LNG48jhqgA3npB866d2Wf,https://open.spotify.com/track/0LNG48jhqgA3npB866d2Wf,71074,,,,,,,
i need a boiler room tekkno (sped up),i need a boiler room tekkno (sped up),GX8KD2239256,1oAMRvfoHXiNg9emoU00kx,https://open.spotify.com/track/1oAMRvfoHXiNg9emoU00kx,0,,,,,,,
lost boy tekkno,lost boy tekkno,GX8KD2239971,3ZvQ6GNd58oy5jwQMtdlJc,https://open.spotify.com/track/3ZvQ6GNd58oy5jwQMtdlJc,176249,,,,,,,
lost boy tekkno (sped up),lost boy tekkno (sped up),GX8KD2239983,15FMwrJX8z4Mtdel01H0cD,https://open.spotify.com/track/15FMwrJX8z4Mtdel01H0cD,6799,,,,,,,
drugs from amsterdam tekkno,drugs from amsterdam tekkno,GX8KD2236512,7bmgyAuVUOPR97vb4HWSMF,https://open.spotify.com/track/7bmgyAuVUOPR97vb4HWSMF,661655,,,,,,,
drugs from amsterdam tekkno (sped up),drugs from amsterdam tekkno (sped up),GX8KD2236531,2FlmrA14niNZd8cfwviGcX,https://open.spotify.com/track/2FlmrA14niNZd8cfwviGcX,18142,,,,,,,
bulletproof tekkno,bulletproof tekkno,GX8KD2229034,4qRdS6InvlnugJxfOIh0CP,https://open.spotify.com/track/4qRdS6InvlnugJxfOIh0CP,4232452,,,,,,,
bulletproof tekkno (sped up),bulletproof tekkno (sped up),GX8KD2229043,7jTc8Ivm6WTWoOOYYQNRo3,https://open.spotify.com/track/7jTc8Ivm6WTWoOOYYQNRo3,174227,,,,,,,
rhythm is a dancer tekkno,rhythm is a dancer tekkno,GX8KD2229143,0RIEKhYLkByW3cbVm0i8Nu,https://open.spotify.com/track/0RIEKhYLkByW3cbVm0i8Nu,226684,,,,,,,
rhythm is a dancer tekkno (sped up),rhythm is a dancer tekkno (sped up),GX8KD2229089,3Aw940Z2QKjfNLRTWBd7Td,https://open.spotify.com/track/3Aw940Z2QKjfNLRTWBd7Td,40538,,,,,,,
the way i are tekkno,the way i are tekkno,GX8KD2229029,1KPFok3GOxnHjJXik00h9u,https://open.spotify.com/track/1KPFok3GOxnHjJXik00h9u,6328,,,,,,,
the way i are tekkno (sped up),the way i are tekkno (sped up),GX8KD2229030,0Mrbdk36VyxIrLH8JB4iYV,https://open.spotify.com/track/0Mrbdk36VyxIrLH8JB4iYV,7787,,,,,,,
down under tekkno,down under tekkno,GX8KD2226197,3OuJr3wAgXwQJFbccbSDxu,https://open.spotify.com/track/3OuJr3wAgXwQJFbccbSDxu,355781,,,,,,,
down under tekkno (sped up),down under tekkno (sped up),GX8KD2226206,0S7nUSPbLBghEnAVYBMiSa,https://open.spotify.com/track/0S7nUSPbLBghEnAVYBMiSa,9163,,,,,,,
addicted to you tekkno,addicted to you tekkno,GX8KD2223374,2UsioXuoS0jpSFsB6NM6il,https://open.spotify.com/track/2UsioXuoS0jpSFsB6NM6il,5345671,,,,,,,
addicted to you tekkno (sped up),addicted to you tekkno (sped up),GX8KD2223375,5eDkVGeTqoRqJoCYAgNOBe,https://open.spotify.com/track/5eDkVGeTqoRqJoCYAgNOBe,65272,,,,,,,
fake id tekkno,fake id tekkno,GX8KD2223568,1Ia6GEfOQa9dX4bT5rx2PO,https://open.spotify.com/track/1Ia6GEfOQa9dX4bT5rx2PO,95909,,,,,,,
fake id tekkno (sped up),fake id tekkno (sped up),GX8KD2223559,3Bp0x7D46wgLHZAKcnAfdG,https://open.spotify.com/track/3Bp0x7D46wgLHZAKcnAfdG,7418,,,,,,,
turn on the lights tekkno (sped up),turn on the lights tekkno (sped up),GX8KD2223339,4bEhJ035OQhZ9nRj0Gdqh9,https://open.spotify.com/track/4bEhJ035OQhZ9nRj0Gdqh9,9724,,,,,,,
miss you tekkno (sped up),miss you tekkno (sped up),GX8KD2223583,1Sp7RMzKDISRTxHiD1qXDL,https://open.spotify.com/track/1Sp7RMzKDISRTxHiD1qXDL,819935,,,,,,,
miss you tekkno,miss you tekkno,GX8KD2223605,3p9MekJF2kXAHhL7boSpQo,https://open.spotify.com/track/3p9MekJF2kXAHhL7boSpQo,1446514,,,,,,,
chase the sun tekkno,chase the sun tekkno,GX8KD2220701,7kt8zetuboHzK4vT2u2YgU,https://open.spotify.com/track/7kt8zetuboHzK4vT2u2YgU,1545352,,,,,,,
chase the sun tekkno (sped up),chase the sun tekkno (sped up),GX8KD2221949,2OarlgYFXKFe5tzQUT1rQI,https://open.spotify.com/track/2OarlgYFXKFe5tzQUT1rQI,6966,,,,,,,
crzy tekkno,crzy tekkno,GX8KD2220696,3x0RbkfbtAvH1jd2pM6Kzj,https://open.spotify.com/track/3x0RbkfbtAvH1jd2pM6Kzj,59739,,,,,,,
crzy tekkno (sped up),crzy tekkno (sped up),GX8KD2220700,3MuZhgWMhsEFpCmIv6eCLM,https://open.spotify.com/track/3MuZhgWMhsEFpCmIv6eCLM,3030,,,,,,,
turn on the lights tekkno,turn on the lights tekkno,GX8KD2221968,0078z1uSA3PRdBKKuHIMnu,https://open.spotify.com/track/0078z1uSA3PRdBKKuHIMnu,168027,,,,,,,
rivers tekkno,rivers tekkno,GX8KD2210740,1q8Nt3ZDIDBIzFvrybqReI,https://open.spotify.com/track/1q8Nt3ZDIDBIzFvrybqReI,70414,,,,,,,
rivers tekkno (sped up),rivers tekkno (sped up),GX8KD2210770,50RkhXrfiIZrzAhA5vAuiu,https://open.spotify.com/track/50RkhXrfiIZrzAhA5vAuiu,3090,,,,,,,
toxic tekkno,toxic tekkno,GX8KD2210786,5LqInEqM9oMmyIsOysUcjB,https://open.spotify.com/track/5LqInEqM9oMmyIsOysUcjB,192021,,,,,,,
toxic tekkno (sped up),toxic tekkno (sped up),GX8KD2210789,1GAVfeP1LSrfv9Ch4FowoM,https://open.spotify.com/track/1GAVfeP1LSrfv9Ch4FowoM,23623,,,,,,,
go flex tekkno,go flex tekkno,GX8KD2208250,5QEBPtpE4B6ctf3ppuskle,https://open.spotify.com/track/5QEBPtpE4B6ctf3ppuskle,168462,,,,,,,
go flex tekkno (sped up),go flex tekkno (sped up),GX8KD2208186,2HSCn7pkbGYbjb8qfGJcw1,https://open.spotify.com/track/2HSCn7pkbGYbjb8qfGJcw1,6175,,,,,,,
how deep is your love tekkno,how deep is your love tekkno,GX8KD2206824,7FEEkgcstSFL2582lOTfo5,https://open.spotify.com/track/7FEEkgcstSFL2582lOTfo5,255797,,,,,,,
how deep is your love tekkno (sped up),how deep is your love tekkno (sped up),GX8KD2206924,5lySK62I7mnRibBEMgQOCx,https://open.spotify.com/track/5lySK62I7mnRibBEMgQOCx,127157,,,,,,,
in the end tekkno,in the end tekkno,GX8KD2205673,3G58RApYQuGwpnEB31nDJp,https://open.spotify.com/track/3G58RApYQuGwpnEB31nDJp,136776,,,,,,,
in the end tekkno (sped up),in the end tekkno (sped up),GX8KD2205675,7pOF6owuziw3QxoVNc8q6R,https://open.spotify.com/track/7pOF6owuziw3QxoVNc8q6R,4836,,,,,,,
never let me down tekkno,never let me down tekkno,GX8KD2205676,2YY97pdP81p2EyvmFvu9a4,https://open.spotify.com/track/2YY97pdP81p2EyvmFvu9a4,261432,,,,,,,
never let me down tekkno (sped up),never let me down tekkno (sped up),GX8KD2205677,5jF9emm1gNZtVNdqzZ6jwN,https://open.spotify.com/track/5jF9emm1gNZtVNdqzZ6jwN,8211,,,,,,,
youth tekkno,youth tekkno,GX8KD2205555,7niirUlikJZK50XXJCyRkQ,https://open.spotify.com/track/7niirUlikJZK50XXJCyRkQ,64899,,,,,,,
youth tekkno (sped up),youth tekkno (sped up),GX8KD2205552,5ZeR5joj4ST0zLz2BF8QVp,https://open.spotify.com/track/5ZeR5joj4ST0zLz2BF8QVp,2523,,,,,,,
set fire to the rain,set fire to the rain,GX8KD2206196,2qrxtaocn71zKm9P4BaCAB,https://open.spotify.com/track/2qrxtaocn71zKm9P4BaCAB,3726910,,,,,,,
set fire to the rain tekkno (sped up),set fire to the rain tekkno (sped up),GX8KD2202723,0d1AeHpQR5oz7bufgrjF88,https://open.spotify.com/track/0d1AeHpQR5oz7bufgrjF88,271955,,,,,,,
you're somebody else tekkno,you're somebody else tekkno,GX8KD2202724,4nhArVQJLHAGCXooSbAwLK,https://open.spotify.com/track/4nhArVQJLHAGCXooSbAwLK,280675,,,,,,,
you're somebody else tekkno (sped up),you're somebody else tekkno (sped up),GX8KD2202727,6pcYXAqFexX23qablZWHbM,https://open.spotify.com/track/6pcYXAqFexX23qablZWHbM,8338,,,,,,,
maneater tekkno,maneater tekkno,GX8KD2200895,0W7FgLA2rxMX7hOiotEcyf,https://open.spotify.com/track/0W7FgLA2rxMX7hOiotEcyf,109528,,,,,,,
maneater tekkno (sped up),maneater tekkno (sped up),GX8KD2200903,6jeEUb0AQIv4YXrYSJkPZM,https://open.spotify.com/track/6jeEUb0AQIv4YXrYSJkPZM,10762,,,,,,,
all the things she said tekkno (sped up),all the things she said tekkno (sped up),GX38U2310164,2vIqZ2vtIulhuxSLCJaJPT,https://open.spotify.com/track/2vIqZ2vtIulhuxSLCJaJPT,9767,,,,,,,
dreams tekkno (sped up),dreams tekkno (sped up),GX38U2310170,77qNYjaj9L15LCmbZRHiTm,https://open.spotify.com/track/77qNYjaj9L15LCmbZRHiTm,2417,,,,,,,
rock your body tekkno (sped up),rock your body tekkno (sped up),GX38U2310163,1khkNhCneNqpkhSJFxOBhB,https://open.spotify.com/track/1khkNhCneNqpkhSJFxOBhB,3856,,,,,,,
all the things she said tekkno,all the things she said tekkno,GX38U2307963,4XFJE263kHZY71zZpoiEIm,https://open.spotify.com/track/4XFJE263kHZY71zZpoiEIm,538653,,,,,,,
dreams,dreams,GX38U2308143,6vucn2B6tsuIm9UYYtYBDa,https://open.spotify.com/track/6vucn2B6tsuIm9UYYtYBDa,72330,,,,,,,
i'm good (blue) tekkno,i'm good (blue) tekkno,GX38U2307967,728ihOm6xY7URezjuXDMup,https://open.spotify.com/track/728ihOm6xY7URezjuXDMup,111901,,,,,,,
i'm good (blue) tekkno (sped up),i'm good (blue) tekkno (sped up),GX38U2307964,1YF1UA4kSWVfVVnH4QvZD7,https://open.spotify.com/track/1YF1UA4kSWVfVVnH4QvZD7,35212,,,,,,,
just can't get enough tekkno,just can't get enough tekkno,GX38U2308205,3c4Xw2lAgF882pYorI3hda,https://open.spotify.com/track/3c4Xw2lAgF882pYorI3hda,380084,,,,,,,
just can't get enough tekkno (sped up),just can't get enough tekkno (sped up),GX38U2306188,6DxoW7fDJ1Oe74ASk7LUY3,https://open.spotify.com/track/6DxoW7fDJ1Oe74ASk7LUY3,26880,,,,,,,
poker face tekkno,poker face tekkno,GX38U2307398,0cEid2HEGZ8jX6qil99Jun,https://open.spotify.com/track/0cEid2HEGZ8jX6qil99Jun,1852882,,,,,,,
poker face tekkno (sped up),poker face tekkno (sped up),GX38U2307320,3P5S9SRVzzCSIysOAMeDFH,https://open.spotify.com/track/3P5S9SRVzzCSIysOAMeDFH,134611,,,,,,,
rock your body tekkno,rock your body tekkno,GX38U2307970,4NbjRFHIKufGh8J14xCDvo,https://open.spotify.com/track/4NbjRFHIKufGh8J14xCDvo,76465,,,,,,,
she doesn't mind tekkno,she doesn't mind tekkno,GX38U2307968,7GifSSrtZgE3p68E8q4ZYB,https://open.spotify.com/track/7GifSSrtZgE3p68E8q4ZYB,456576,,,,,,,
she doesn't mind tekkno (sped up),she doesn't mind tekkno (sped up),GX38U2307969,6yoeLoTSV59itTCqazBa0X,https://open.spotify.com/track/6yoeLoTSV59itTCqazBa0X,11148,,,,,,,
gimmie gimmie gimmie tekkno (sped up),gimmie gimmie gimmie tekkno (sped up),GX89G2259274,3QDsJG0vVJdAgfwJom8am6,https://open.spotify.com/track/3QDsJG0vVJdAgfwJom8am6,10021,,,,,,,
pon de replay tekkno (sped up),pon de replay tekkno (sped up),GX89G2259152,7k9XVr663CekFi9BoaEpZx,https://open.spotify.com/track/7k9XVr663CekFi9BoaEpZx,21021,,,,,,,
say it right tekkno,say it right tekkno,GX38U2300192,6if6TUsJ8CIaPaaLyQoZQB,https://open.spotify.com/track/6if6TUsJ8CIaPaaLyQoZQB,2684776,,,,,,,
say it right tekkno (sped up),say it right tekkno (sped up),GX38U2300223,571CmmXVcAwRxDk0EHGceM,https://open.spotify.com/track/571CmmXVcAwRxDk0EHGceM,32960,,,,,,,
gimmie gimmie gimmie tekkno,gimmie gimmie gimmie tekkno,GX89G2238529,1FgklirPam1bQvS9m1YYxH,https://open.spotify.com/track/1FgklirPam1bQvS9m1YYxH,460686,,,,,,,
pon de replay tekkno,pon de replay tekkno,GX89G2238579,4Bic87R7mO7XASS0UQwh3A,https://open.spotify.com/track/4Bic87R7mO7XASS0UQwh3A,3272707,,,,,,,
jerk tekkno (sped up),jerk tekkno (sped up),GX89G2213360,7eq0Wgv7mT3R72IDxE3QIS,https://open.spotify.com/track/7eq0Wgv7mT3R72IDxE3QIS,819935,,,,,,,
sweater weather tekkno,sweater weather tekkno,GX89G2213552,1WXyELPKlcyAWhbBxr4ljm,https://open.spotify.com/track/1WXyELPKlcyAWhbBxr4ljm,471329,,,,,,,
sweater weather tekkno (sped up),sweater weather tekkno (sped up),GX89G2213756,5ECXwLZQuTkHzYCbLsq31u,https://open.spotify.com/track/5ECXwLZQuTkHzYCbLsq31u,57343,,,,,,,
sweet dreams tekkno,sweet dreams tekkno,GX89G2220802,6TZTUIswmoOmKY6G8c7gAt,https://open.spotify.com/track/6TZTUIswmoOmKY6G8c7gAt,303957,,,,,,,
sweet dreams tekkno (sped up),sweet dreams tekkno (sped up),GX89G2221019,4G6fdTIvPhHYkFVo8Q57Y6,https://open.spotify.com/track/4G6fdTIvPhHYkFVo8Q57Y6,3892,,,,,,,
this is the life tekkno,this is the life tekkno,GX89G2221051,1V1dRk79rVQr0nJ0FDrJek,https://open.spotify.com/track/1V1dRk79rVQr0nJ0FDrJek,4330148,,,,,,,
this is the life tekkno (sped up),this is the life tekkno (sped up),GX89G2220944,7xJ5sxKkPj08PGAs6Va57r,https://open.spotify.com/track/7xJ5sxKkPj08PGAs6Va57r,135507,,,,,,,
waves tekkno,waves tekkno,GX89G2212446,6T1I7zeheTJyTDNxjJbvyc,https://open.spotify.com/track/6T1I7zeheTJyTDNxjJbvyc,206105,,,,,,,
waves tekkno (sped up),waves tekkno (sped up),GX89G2213187,3joJa0XSoVaoSZM5ZTkoSV,https://open.spotify.com/track/3joJa0XSoVaoSZM5ZTkoSV,15588,,,,,,,
we found love tekkno,we found love tekkno,GX89G2213572,5AhlLP4CTTTUr6cYcRUlcZ,https://open.spotify.com/track/5AhlLP4CTTTUr6cYcRUlcZ,737174,,,,,,,
we found love tekkno (sped up),we found love tekkno (sped up),GX89G2213193,30OlAT2gleQIhgn46BzF0X,https://open.spotify.com/track/30OlAT2gleQIhgn46BzF0X,71234,,,,,,,
apologize tekkno (sped up),apologize tekkno (sped up),GX89G2265696,7pbH9Vh976Y4FEy5Y3nYbk,https://open.spotify.com/track/7pbH9Vh976Y4FEy5Y3nYbk,41080,,,,,,,
faded tekkno (sped up),faded tekkno (sped up),GX89G2271809,4mskEWvLdeHd9akx7SjSLQ,https://open.spotify.com/track/4mskEWvLdeHd9akx7SjSLQ,7863,,,,,,,
ferrari tekkno,ferrari tekkno,GX89G2271933,6owj6aPJ4sim43u6LaG8XB,https://open.spotify.com/track/6owj6aPJ4sim43u6LaG8XB,188244,,,,,,,
ferrari tekkno (sped up),ferrari tekkno (sped up),GX89G2272025,0snVQfjHIhKt8gfWYTDgm3,https://open.spotify.com/track/0snVQfjHIhKt8gfWYTDgm3,199302,,,,,,,
hello tekkno,hello tekkno,GX89G2271858,3Q2vktL2e1Fgn8HEHmo9KV,https://open.spotify.com/track/3Q2vktL2e1Fgn8HEHmo9KV,355226,,,,,,,
hello tekkno (sped up),hello tekkno (sped up),GX89G2271892,3ySP5p7iZKoHfeft7OARZO,https://open.spotify.com/track/3ySP5p7iZKoHfeft7OARZO,9573,,,,,,,
jerk tekkno,jerk tekkno,GX89G2271673,06Tg67cnEb4h9M6IJXMYeP,https://open.spotify.com/track/06Tg67cnEb4h9M6IJXMYeP,1446514,,,,,,,
love tonight tekkno,love tonight tekkno,GX89G2272036,1xeZhQFh7vA8BrG02j8teb,https://open.spotify.com/track/1xeZhQFh7vA8BrG02j8teb,116218,,,,,,,
love tonight tekkno (sped up),love tonight tekkno (sped up),GX89G2272041,6cJzY7OpxtsF0699FMATZq,https://open.spotify.com/track/6cJzY7OpxtsF0699FMATZq,2505,,,,,,,
numb tekkno,numb tekkno,GX89G2271309,3M3BzlUk4S7Pm4jQ01Cov1,https://open.spotify.com/track/3M3BzlUk4S7Pm4jQ01Cov1,294085,,,,,,,
numb tekkno (sped up),numb tekkno (sped up),GX89G2271576,2E8IknMHQWj8A1WB7sttJV,https://open.spotify.com/track/2E8IknMHQWj8A1WB7sttJV,15426,,,,,,,
summertime sadness tekkno (sped up),summertime sadness tekkno (sped up),GX89G2271215,1FnhxD9zyk9GQntB9AVsnF,https://open.spotify.com/track/1FnhxD9zyk9GQntB9AVsnF,2281590,,,,,,,
train tekkno,train tekkno,GX89G2272190,1aAHu9djJbxchpC7N7J5T2,https://open.spotify.com/track/1aAHu9djJbxchpC7N7J5T2,89763,,,,,,,
train tekkno (sped up),train tekkno (sped up),GX89G2272240,0Sibr59Sfcef1fu8FrFegp,https://open.spotify.com/track/0Sibr59Sfcef1fu8FrFegp,5224,,,,,,,
video games tekkno (sped up),video games tekkno (sped up),GX89G2271665,3A61E6FRJOE2UuYqCXMVfr,https://open.spotify.com/track/3A61E6FRJOE2UuYqCXMVfr,30078,,,,,,,
paradise tekkno (sped up),paradise tekkno (sped up),GX89G2265710,24jnQWNKZgk59fzrBZG9he,https://open.spotify.com/track/24jnQWNKZgk59fzrBZG9he,2819009,,,,,,,
faded tekkno,faded tekkno,GX89G2271544,7ri2SRS8JMmXMWta8wwUBt,https://open.spotify.com/track/7ri2SRS8JMmXMWta8wwUBt,210231,,,,,,,
video games tekkno,video games tekkno,GX89G2271584,1KVlPPUw4a3fRoNi8bHiG0,https://open.spotify.com/track/1KVlPPUw4a3fRoNi8bHiG0,1030470,,,,,,,
another love tekkno,another love tekkno,GX89G2291510,2sI9Pu9VM2HeQMzg0o4ZuY,https://open.spotify.com/track/2sI9Pu9VM2HeQMzg0o4ZuY,2303006,,,,,,,
another love tekkno (sped up),another love tekkno (sped up),GX89G2291517,2b3armFvAWZTpCfzdhJZto,https://open.spotify.com/track/2b3armFvAWZTpCfzdhJZto,42130,,,,,,,
apologize tekkno,apologize tekkno,GX89G2291610,4tciQ5R2CMqNzPETlUYqUX,https://open.spotify.com/track/4tciQ5R2CMqNzPETlUYqUX,1501157,,,,,,,
paradise tekkno,paradise tekkno,GX89G2291530,2625uJFOKOhrU6MDfhE1eO,https://open.spotify.com/track/2625uJFOKOhrU6MDfhE1eO,494246,,,,,,,
you broke me first tekkno,you broke me first tekkno,GX89G2291520,4N0HQVDQvtTTuXO0nR2R1a,https://open.spotify.com/track/4N0HQVDQvtTTuXO0nR2R1a,425380,,,,,,,
you broke me first tekkno (sped up),you broke me first tekkno (sped up),GX89G2291540,6nw9M46I2Yn2OAeHdGRGLS,https://open.spotify.com/track/6nw9M46I2Yn2OAeHdGRGLS,0,,,,,,,
Summertime Sadness - Techno,Summertime Sadness - Techno,GX8KD2352958,3eNzbY1WUpkve835a1O7iL,https://open.spotify.com/track/3eNzbY1WUpkve835a1O7iL,1490939,,,,,,,
just dance tekkno,just dance tekkno,GX89G2347831,6XNVejRAeQTsYRnxfJkeql,https://open.spotify.com/track/6XNVejRAeQTsYRnxfJkeql,154836,,,,,,,
just dance tekkno (sped up),just dance tekkno (sped up),GX89G2393665,0aWw8QMjd2XqHPFNe40m1y,https://open.spotify.com/track/0aWw8QMjd2XqHPFNe40m1y,198090,,,,,,,
flowers tekkno,flowers tekkno,GX89G2389211,1jEF58T1cDTMmuDKTaslwP,https://open.spotify.com/track/1jEF58T1cDTMmuDKTaslwP,76534,,,,,,,
flowers tekkno (sped up),flowers tekkno (sped up),GX89G2383903,13FYeWwc49iWNvXE3Drxgo,https://open.spotify.com/track/13FYeWwc49iWNvXE3Drxgo,40990,,,,,,,
escapism (sped up),escapism (sped up),GX89G2312840,1VzQQQ2bPI0v82vsNoDI0F,https://open.spotify.com/track/1VzQQQ2bPI0v82vsNoDI0F,63357,,,,,,,
flowers tekkno,flowers tekkno,GX89G2329292,6YaIq9mpbCASjyCFzRYfQV,https://open.spotify.com/track/6YaIq9mpbCASjyCFzRYfQV,0,,,,,,,
left outside alone x run tekkno,left outside alone x run tekkno,GX89G2390004,3HKoVoAiaucPrKRJ7xfG3D,https://open.spotify.com/track/3HKoVoAiaucPrKRJ7xfG3D,272977,,,,,,,
left outside alone x run tekkno (sped up),left outside alone x run tekkno (sped up),GX89G2351054,4JVDxt4114cHi9It1zy0u6,https://open.spotify.com/track/4JVDxt4114cHi9It1zy0u6,25775,,,,,,,
big jet plane tekkno,big jet plane tekkno,GX89G2327591,40juXtPrtGrjVGYATeIX8J,https://open.spotify.com/track/40juXtPrtGrjVGYATeIX8J,276037,,,,,,,
big jet plane tekkno (sped up),big jet plane tekkno (sped up),GX89G2351265,23LTuFI8aOTvZQcmNUtG4N,https://open.spotify.com/track/23LTuFI8aOTvZQcmNUtG4N,53036,,,,,,,
wings tekkno,wings tekkno,GX89G2395479,6rj5ykHqiX9pQQnPVyZKBm,https://open.spotify.com/track/6rj5ykHqiX9pQQnPVyZKBm,235930,,,,,,,
wings tekkno (sped up),wings tekkno (sped up),GX89G2353839,5UBuSRvVo2OHp7qIqPKWex,https://open.spotify.com/track/5UBuSRvVo2OHp7qIqPKWex,52765,,,,,,,
faded tekkno,faded tekkno,GX89G2366374,61Pa7lLUimLxsG2BAgVfsM,https://open.spotify.com/track/61Pa7lLUimLxsG2BAgVfsM,517956,,,,,,,
faded tekkno (sped up),faded tekkno (sped up),GX89G2357931,2Dj4vMfkHW2a6kx4wUA4eN,https://open.spotify.com/track/2Dj4vMfkHW2a6kx4wUA4eN,42631,,,,,,,
